{"source": 0, "ret": 0.4191722982053441, "mtx": [[988.0585855474794, 0.0, 642.3352078448414], [0.0, 991.2489045237667, 365.9813466942917], [0.0, 0.0, 1.0]], "dist": [[0.017254262572476583, 0.0020420626311989537, -0.0013561580207095173, 0.0023440768659941905, -0.2078761778362006]]}